,Season,Name,Last Name,Followers(k),Age,City,State,Country,Occupation,Outcome,Elimination_Week,Place,Note,Was_Bachelorette
0,18,Christy,Hansen,0.148,24.0,Aurora,Illinois,USA,Marketing Manager,Week 3,3,14.0,,0
1,19,Reegan,Cornwell,0.566,28.0,Manhattan Beach,California,USA,Cadaver Tissue Saleswoman,Week 1,1,24.0,,0
2,18,Amy,Jokinen,0.64,31.0,Apopka,Florida,USA,Massage Therapist,Week 1,1,19.0,,0
3,18,Ashley,Poe,0.673,25.0,Roanoke,Texas,USA,Grade School Teacher,Week 1,1,19.0,,0
4,19,Nikki,Delventhal,0.807,26.0,Hasbrouck Heights,New Jersey,USA,Former NFL Cheerleader,Week 4,4,12.0,,0
5,18,Valerie,Eredia,1.042,26.0,Sutter,California,USA,Personal Trainer,Week 1,1,19.0,,0
6,19,Michelle,Davis,1.049,25.0,Provo,Utah,USA,Wedding Cake Baker,Week 1,1,24.0,,0
7,21,Susannah,Milan,1.097,26.0,San Diego,California,USA,Account Manager,Week 1,1,23.0,,0
8,19,Kimberly,Sherbach,1.126,28.0,Wantagh,New York,USA,Yoga Instructor,Week 2,2,19.0,,0
9,18,Maggie,Gantt,1.141,25.0,Wagener,South Carolina,USA,Personal Banker,Week 1,1,19.0,,0
10,18,Christine,Llano,1.173,23.0,Miami,Florida,USA,Police Support Specialist,Week 1,1,19.0,,0
11,19,Kara,Wilson,1.377,25.0,Brownsville,Kentucky,USA,High School Soccer Coach,Week 1,1,24.0,,0
12,21,Ida Marie,DeLosSantos,1.532,23.0,Harlingen,Texas,USA,Sales Manager,Week 1,1,23.0,,0
13,19,Tracy,Darakis,1.627,29.0,Wellington,Florida,USA,Fourth Grade Teacher,Week 3,3,16.0,,0
14,21,Jasmine,Brown,1.67,25.0,Tacoma,Washington,USA,Flight Attendant,Week 1,1,23.0,,0
15,20,Laura,Esselman,1.673,24.0,Louisville,Kentucky,USA,Account Executive,Week 1,1,22.0,,0
16,21,Briana,Guertler,1.705,28.0,Salt Lake City,Utah,USA,Surgical Unit Nurse,Week 1,1,23.0,,0
17,18,Chantel,Forrest,1.749,27.0,Miami,Florida,USA,Account Manager,Week 2,2,16.0,,0
18,21,Michelle,Ramkissoon,1.829,24.0,Los Angeles,California,USA,Food Truck Owner,Week 1,1,23.0,,0
19,18,Lauren,Higginson,1.861,25.0,Edmond,Oklahoma,USA,Mineral Coordinator,Week 1,1,19.0,,0
20,21,Angela,Amezcua,1.9,26.0,Cumberland,Maryland,USA,Model,Week 1,1,23.0,,0
21,19,Trina,Scherenberg,2.473,33.0,Algonquin,Illinois,USA,Special Education Teacher,Week 3,3,16.0,,0
22,20,Lauren,Russell,2.636,26.0,Houston,Texas,USA,Math Teacher,Week 1,1,22.0,,0
23,18,Danielle,Ronco,3.026,25.0,Litchfield,Illinois,USA,Psychiatric Nurse,Week 5,5,9.0,,0
24,20,Mandi,Kremer,3.25,28.0,Portland,Oregon,USA,Dentist,Week 2,2,18.0,,0
25,20,Samantha,Passmore,3.39,26.0,New Smyrna Beach,Florida,USA,Attorney,Week 2,2,18.0,,0
26,21,Olivia,Burnette,3.551,25.0,Anchorage,Alaska,USA,Apparel Sales Representative,Week 1,1,23.0,,0
27,18,Kylie,Lewis,3.601,23.0,Rockford,Illinois,USA,Interior Designer,Week 1,1,19.0,,0
28,20,Tiara,Soleim,3.732,27.0,Redmond,Washington,USA,Chicken Enthusiast,Week 1,1,22.0,,0
29,20,Jessica,Moser,3.921,23.0,Boca Raton,Florida,USA,Accountant,Week 1,1,22.0,,0
30,19,Tandra,Steiner,4.313,30.0,Sandy,Utah,USA,Executive Assistant,Week 2,2,19.0,,0
31,19,Alissa,Giambrone,4.358,24.0,Hamilton,New Jersey,USA,Flight Attendant,Week 2,2,19.0,,0
32,19,Kelsey,Poe,5.439,28.0,Hudsonville,Michigan,USA,Guidance Counselor,Week 6,6,8.0,,0
33,18,Alexis,Morgado,5.587,24.0,Tampa,Florida,USA,Communications Director/NHL Ice Girl,Week 1,1,19.0,,0
34,21,Hailey,Merkt,5.84,23.0,Vancouver,British Columbia,Canada,Photographer,Week 2,2,19.0,,0
35,18,Alli,Restko,6.05,26.0,Orland Park,Illinois,USA,Nanny,Week 5,5,9.0,,0
36,21,Dominique,Alexis,6.814,25.0,Los Angeles,California,USA,Restaurant Server,Week 3,3,18.0,,0
37,21,Liz,Sandoz,6.887,29.0,Scottsbluff,Nebraska,USA,Doula,Week 2,2,22.0,,0
38,21,Jaimi,King,7.335,28.0,New Orleans,Louisiana,USA,Chef,Week 5,5,10.0,,0
39,21,Elizabeth,Whitelaw,7.375,24.0,New Trier,Illinois,USA,Marketing Manager,Week 2,2,19.0,,0
40,19,Tara,Eddings,7.464,26.0,Fort Lauderdale,Florida,USA,Sport Fishing Enthusiast,Week 2,2,19.0,,0
41,21,Lauren,Hussey,7.551,30.0,Naples,Florida,USA,Law School Graduate,Week 1,1,23.0,,0
42,18,Amy,Long,8.87,27.0,Clermont,Florida,USA,Local News Reporter,Week 2,2,16.0,,0
43,20,Breanne,Rice,9.417,30.0,Seattle,Washington,USA,Nutritional Therapist,Week 1,1,22.0,,0
44,20,Jami,Letain,10.4,23.0,St. Albert,Alberta,Canada,Bartender,Week 3,3,15.0,,0
45,18,Lauren,Solomon,11.1,26.0,Austin,Texas,USA,Music Composer,Week 4,4,12.0,,0
46,21,Lacey,Mark,11.5,25.0,Towaco,New Jersey,USA,Digital Marketing Manager,Week 2,2,19.0,,0
47,19,Jordan,Branch,11.9,24.0,Windsor,Colorado,USA,Student,Week 2,2,19.0,,0
48,18,Kat,Hurd,13.023,29.0,Iowa City,Iowa,USA,Medical Sales Representative/NBA Dancer,Week 6,6,7.0,,0
49,20,Shushanna,Mkrtychyan,13.4,27.0,Salt Lake City,Utah,USA,Mathematician,Week 3,3,15.0,,0
50,21,Brittany,Farrar,15.3,26.0,Santa Monica,California,USA,Travel Nurse,Week 3,3,16.0,,0
51,20,Rachel,Tchen,16.7,23.0,Little Rock,Arkansas,USA,Unemployed,Week 4,4,12.0,,0
52,21,Josephine,Tutman,18.6,24.0,Santa Cruz,California,USA,Registered Nurse,Week 5,5,10.0,,0
53,20,LB,Barr,20.3,23.0,Stillwater,Oklahoma,USA,Fashion Buyer,Week 2,2,21.0,quit,0
54,18,Chelsie,Webster,22.898,24.0,Lexington,Ohio,USA,Science Educator,Week 7,7,5.0,,0
55,18,Victoria,Lima,25.9,24.0,Porto Alegre,,Brazil,Legal Assistant,Week 2,2,18.0,,0
56,19,Amber,James,28.6,29.0,Kankakee,Illinois,USA,Bartender,Week 3,3,16.0,,0
57,20,Amber,James,28.6,30.0,Kankakee,Illinois,USA,Bartender,Week 4,4,12.0,,0
58,18,Elise,Mosca,29.248,27.0,Forty Fort,Pennsylvania,USA,First Grade Teacher,Week 4,4,12.0,,0
59,21,Jasmine,Goode,31.0,29.0,Maplewood,New Jersey,USA,Pro Basketball Dancer,Week 6,6,9.0,,0
60,21,Astrid,Loch,31.6,26.0,Tampa,Florida,USA,Plastic Surgery Office Manager,Week 4,4,14.0,,0
61,19,Mackenzie,Deonigi,40.9,21.0,Maple Valley,Washington,USA,Dental Assistant,Week 5,5,10.0,,0
62,19,Megan,Bell,40.9,24.0,Nashville,Tennessee,USA,Make-Up Artist,Week 6,6,7.0,quit,0
63,21,Taylor,Nolan,47.3,23.0,Seattle,Washington,USA,Mental Health Counselor,Week 5,5,13.0,,0
64,20,Leah,Block,52.8,25.0,Greenwood Village,Colorado,USA,Event Planner,Week 6,6,9.0,,0
65,19,Jillian,Anderson,53.2,25.0,Howland,Ohio,USA,News Producer,Week 4,4,15.0,,0
66,19,Bo,Stanley,53.9,25.0,Carpinteria,California,USA,Plus-Size Model,Week 1,1,24.0,,0
67,21,Christen,Whitney,55.0,25.0,Martinsville,Indiana,USA,Wedding Videographer,Week 3,3,16.0,,0
68,20,Izzy,Goodkind,65.3,24.0,Branford,Connecticut,USA,Graphic Designer,Week 1,1,22.0,,0
69,19,Brittany,Fetkin,69.5,26.0,Temecula,California,USA,WWE Diva-in-Training,Week 1,1,24.0,,0
70,21,Whitney,Fransway,72.8,25.0,Chanhassen,Minnesota,USA,Pilates Instructor,Week 6,6,8.0,,0
71,18,Cassandra,Ferguson,81.0,22.0,Shelby Charter Township,Michigan,USA,Former NBA Dancer,Week 6,6,8.0,,0
72,18,Lucy,Aragon,82.229,25.0,Santa Barbara,California,USA,Free Spirit,Week 3,3,14.0,,0
73,20,Jubilee,Sharpe,93.7,24.0,Fort Lauderdale,Florida,USA,War Veteran,Week 5,5,11.0,,0
74,18,Kelly,Travis,96.802,27.0,Conyers,Georgia,USA,Dog Lover,Week 5,5,9.0,,0
75,19,Samantha,Steffen,122.0,27.0,Indianapolis,Indiana,USA,Fashion Designer,Week 5,5,10.0,,0
76,20,Lauren,Himle,133.0,25.0,Dexter,Michigan,USA,Kindergarten Teacher,Week 6,6,7.0,,0
77,19,Ashley,Salter,137.0,24.0,Vinings,Georgia,USA,Hair Stylist,Week 4,4,12.0,,0
78,21,Danielle,Maltby,158.0,31.0,Colgate,Wisconsin,USA,Neonatal Nurse,Week 7,7,6.0,,0
79,20,Olivia,Caridi,159.0,23.0,Bristol,Virginia,USA,Former News Anchor,Week 6,6,8.0,,0
80,19,Juelia,Kinney,164.0,30.0,Beaverton,Oregon,USA,Esthetician,Week 4,4,12.0,,0
81,18,Sharleen,Joynt,175.0,29.0,Ottawa,Ontario,Canada,Opera Singer,Week 7,7,6.0,quit,0
82,18,Lacy,Faddoul,191.726,25.0,Antelope Acres,California,USA,Nursing Home Owner,Week 1,1,19.0,,0
83,20,Jennifer,Saviano,204.0,25.0,Lauderdale Lakes,Florida,USA,Small Business Owner,Week 5,5,10.0,,0
84,21,Sarah,Vendal,217.0,26.0,Palmdale,California,USA,Grade School Teacher,Week 4,4,14.0,,0
85,21,Danielle,Lombard,241.0,27.0,Danville,California,USA,Small Business Owner,Week 6,6,7.0,,0
86,19,Nicole,Meacham,252.0,31.0,Scottsdale,Arizona,USA,Real Estate Agent,Week 1,1,24.0,,0
87,21,Alexis,Waters,264.0,23.0,Secaucus,New Jersey,USA,Aspiring Dolphin Trainer,Week 5,5,10.0,,0
88,18,Clare,Crawley,274.949,32.0,Sacramento,California,USA,Hairstylist,Runner-up,10,2.0,,0
89,21,Kristina,Schulman,311.0,24.0,Lexington,Kentucky,USA,Dental Hygienist,Week 7,7,5.0,,0
90,20,Haley,Ferguson,313.0,23.0,Las Vegas,Nevada,USA,Waitress,Week 4,4,14.0,,0
91,19,Britt,Nilsson,314.0,27.0,Wolcott Mills,Michigan,USA,Waitress,Week 7,7,6.0,,0
92,18,Renee,Oteri,323.0,32.0,Martha's Vineyard,Massachusetts,USA,Real Estate Agent,Week 8,8,4.0,,0
93,20,Caila,Quinn,350.0,24.0,Hudson,Ohio,USA,Software Sales Representative,Week 9,9,3.0,,0
94,20,Lace,Morris,374.0,25.0,Denver,Colorado,USA,Real Estate Agent,Week 3,3,17.0,quit,0
95,20,Emily,Ferguson,384.0,23.0,Las Vegas,Nevada,USA,Waitress,Week 7,7,6.0,,0
96,21,Rachel,Lindsay,421.0,31.0,Dallas,Texas,USA,Attorney,Week 9,9,3.0,,1
97,18,Nikki,Ferrell,432.494,26.0,Kearney,Missouri,USA,Pediatric Nurse,Winner,10,1.0,,0
98,19,Ashley,Iaconetti,582.0,26.0,Great Falls,Virginia,USA,Nanny/Freelance Journalist,Week 6,6,9.0,,0
99,19,Whitney,Bischoff,594.0,29.0,Louisville,Kentucky,USA,Fertility Nurse,Winner,10,1.0,,0
100,21,Raven,Gates,694.0,25.0,Hoxie,Arkansas,USA,Fashion Boutique Owner,Runner-Up,10,2.0,,0
101,21,Corinne,Olympios,735.0,24.0,Miami,Florida,USA,Business Owner,Week 8,8,4.0,,0
102,19,Jade,Roper,739.0,28.0,Gering,Nebraska,USA,Cosmetics Developer,Week 8,8,4.0,,0
103,19,Carly,Waddell,814.0,29.0,Arlington,Texas,USA,Cruise Ship Singer,Week 7,7,5.0,,0
104,21,Vanessa,Grimaldi,941.0,29.0,Montreal,Quebec,Canada,Special Education Teacher,Winner,10,1.0,,0
105,18,Andi,Dorfman,1000.0,26.0,Buckhead,Georgia,USA,Assistant District Attorney,Week 9,9,3.0,quit,1
106,20,Amanda,Stanton,1000.0,25.0,Rancho Santa Margarita,California,USA,Esthetician,Week 8,8,4.0,,0
107,19,Becca,Tilley,1100.0,25.0,Shreveport,Louisiana,USA,Chiropractic Assistant,Runner-up,10,2.0,,0
108,20,Becca,Tilley,1100.0,26.0,Shreveport,Louisiana,USA,Chiropractic Assistant,Week 7,7,5.0,,0
109,20,Lauren,Bushnell,1400.0,25.0,West Linn,Oregon,USA,Flight Attendant,Winner,10,1.0,,0
110,19,Kaitlyn,Bristowe,1500.0,29.0,Leduc,Alberta,Canada,Dance Instructor,Week 9,9,3.0,,1
111,20,JoJo,Fletcher,2200.0,24.0,Dallas,Texas,USA,Real Estate Developer,Runner-up,10,2.0,,1
112,1,Trista,Rehn,,29.0,Miami,Florida,USA,Miami Heat Dancer,Runner-Up,6,,,1
113,1,Amber,,,29.0,Los Angeles,California,USA,Business Development Director,Week 1,1,,,0
114,1,Daniela,,,30.0,Seattle,Washington,USA,Neuropsychologist,Week 1,1,,,0
115,1,Denise,,,30.0,Honolulu,Hawaii,USA,Doctor,Week 1,1,,,0
116,5,Dolores,Farburg,,26.0,Madison,New Jersey,USA,Account manager,Week 1,1,,,0
117,11,McCarten,Delaney,,26.0,Lemon Grove,California,USA,Account manager,Week 4,4,,,0
118,1,Kristina,,,27.0,Los Angeles,California,USA,Advertising Executive,Week 1,1,,,0
119,1,Lisa,,,29.0,Dallas,Texas,USA,Attorney,Week 1,1,,,0
120,11,Regina,Doringa,,31.0,San Diego,California,USA,Account representative,Week 1,1,,,0
121,1,Rachel,,,29.0,Eastchester,New York,USA,6th Grade Teacher,Week 1,1,,,0
122,1,Wendi,,,26.0,Dallas,Texas,USA,Technology Specialist,Week 1,1,,,0
123,1,Alexa,,,27.0,Beverly Hills,California,USA,Special Ed. Teacher,Week 2,2,,,0
124,1,Amy,,,28.0,New York,New York,USA,Production Coordinator,Week 2,2,,,0
125,1,Angela,,,25.0,Avondale,Arizona,USA,Hooters Waitress,Week 2,2,,,0
126,1,Angelique,,,27.0,Burbank,California,USA,Actress,Week 2,2,,,0
127,1,Melissa,,,25.0,Tempe,Arizona,USA,Photographer,Week 2,2,,,0
128,1,Tina,,,27.0,Plano,Texas,USA,Graduate Student,Week 2,2,,,0
129,1,Cathy,Grimes,,22.0,Terra Haute,Indiana,USA,Graduate Student,Week 3,3,,,0
130,1,Christina,,,28.0,Bonita,California,USA,Attorney,Week 3,3,,,0
131,1,LaNease,Adams,,23.0,Los Angeles,California,USA,Actress,Week 3,3,,,0
132,1,Rhonda,,,28.0,Woodward,Oklahoma,USA,Commercial Real Estate Agent,Week 3,3,,,0
133,1,Kim,,,24.0,Tempe,Arizona,USA,Nanny,Week 4,4,,,0
134,1,Shannon,Oliver,,24.0,Dallas,Texas,USA,Financial Management Consultant,Week 5,5,,,0
135,1,Amanda,Marsh,,23.0,Chanute,Kansas,USA,Event Planner,Winner,6,,,0
136,2,Brooke,Smith,,22.0,Albertville,Alabama,USA,College Student,Runner-Up,7,,,0
137,2,Amber,,,26.0,Chapel Hill,North Carolina,USA,Psychologist,Week 1,1,,,0
138,2,Camille,,,29.0,Los Angeles,California,USA,Actress,Week 1,1,,,0
139,2,Cari,,,29.0,Granite City,Illinois,USA,3rd Grade Teacher,Week 1,1,,,0
140,2,Christy,,,24.0,Avondale,Arizona,USA,Radiological Technologist,Week 1,1,,,0
141,2,Erin,,,24.0,Houston,Texas,USA,Interior Designer,Week 1,1,,,0
142,2,Fatima,,,22.0,Long Beach,California,USA,College Student,Week 1,1,,,0
143,2,Liangy,,,30.0,Coral Gables,Florida,USA,Paralegal,Week 1,1,,,0
144,2,Lori,,,26.0,Dallas,Texas,USA,Former NBA Cheerleader,Week 1,1,,,0
145,2,Merrilee,,,28.0,Forked River,New Jersey,USA,1st Grade Teacher,Week 1,1,,,0
146,2,Suzi,,,28.0,Richmond,Virginia,USA,Communications Specialist,Week 1,1,,,0
147,2,Dana,,,24.0,Beverly Hills,California,USA,Radio Sales,Week 2,2,,,0
148,2,Erin,,,25.0,Westchester,Pennsylvania,USA,Publications Quality Control,Week 2,2,,,0
149,2,Suzanne,,,33.0,Redondo Beach,California,USA,Flight Attendant,Week 2,2,,,0
150,2,Anindita,,,27.0,New York,New York,USA,Attorney,Week 2,2,,Quit,0
151,2,Frances,,,30.0,San Francisco,California,USA,Strategic Planning Analyst,Week 2,2,,Quit,0
152,2,Christi,,,23.0,Boise,Idaho,USA,Assistant Financial Advisor,Week 3,3,,,0
153,2,Heather,,,24.0,Walnut Creek,California,USA,Marriage Therapy Trainee,Week 3,3,,,0
154,2,Kyla,,,22.0,Midvale,Utah,USA,Airline Supervisor,Week 3,3,,,0
155,2,Shannon,,,26.0,Long Island,New York,USA,Graphic Artist,Week 3,3,,,0
156,14,Ashleigh,Hunt,,25.0,North Potomac,Maryland,USA,Account Manager,Week 4,4,6.0,,0
157,2,Heather,Crawford,,30.0,Dallas,Texas,USA,Flight Attendant,Week 4,4,,,0
158,2,Angela,,,27.0,Kansas City,Missouri,USA,Registered Nurse,Week 5,5,,,0
159,2,Gwen,Gioia,,31.0,Philadelphia,Pennsylvania,USA,Executive Recruiter,Week 6,6,,,0
160,2,Helene,Eksterowicz,,27.0,Gloucester,New Jersey,USA,School Psychologist,Winner,7,,,0
161,5,DeShaun,Warner,,25.0,Phillipsburg,New Jersey,USA,Account manager/sales,Week 1,1,,,0
162,5,Holly,Reeder,,26.0,Tulsa,Oklahoma,USA,Bank representative,Week 1,1,,,0
163,5,Jessica,Kyron,,21.0,Cincinnati,Ohio,USA,Student,Week 1,1,,,0
164,5,Kristin,Clearwater,,25.0,Sausalito,California,USA,Singer,Week 1,1,,,0
165,14,Ali,Fedotowsky,,25.0,Williamstown,Massachusetts,USA,Advertising Account Manager,Week 6,6,4.0,quit,1
166,5,Amber,LaRoux,,27.0,Sunriver,Oregon,USA,Consultant,Week 2,2,,,0
167,5,Anne-Catherine,Labbé,,27.0,Quebec City,Quebec,Canada,Model/make-up artist,Week 2,2,,,0
168,5,Celeste,Creel,,24.0,Ithaca,New York,USA,Model/executive assistant,Week 2,2,,,0
169,5,Debbie,Merkett,,27.0,Pinetops,North Carolina,USA,Massage therapist/bartender,Week 2,2,,,0
170,5,Jean-Marie,Callahan,,26.0,Gibson,North Carolina,USA,Hair stylist,Week 2,2,,,0
171,16,Jaclyn,Swartz,,27.0,Newton,Massachusetts,USA,Advertising account manager,Week 3,3,14.0,,0
172,5,Kristy,Romero,,25.0,Dearborn,Michigan,USA,Student,Week 2,2,,,0
173,5,Mandy,Clemens,,25.0,San Diego,California,USA,Professional soccer player,Week 2,2,,,0
174,5,Jenny,De Schiralli,,26.0,Carrboro,North Carolina,USA,Swim instructor/nanny/personal trainer,Week 3,3,,,0
175,5,Jessica,Holcomb,,25.0,Pearsall,Texas,USA,Attorney,Week 3,3,,,0
176,5,Julie,Durda,,24.0,Sacramento,California,USA,Professional Cheerleader,Week 3,3,,,0
177,16,Samantha,Levey,,26.0,Pittsburgh,Pennsylvania,USA,Advertising account manager,Week 4,4,13.0,,0
178,5,Karen,Lindsay,,28.0,Pleasant Grove,Utah,USA,Pharmaceutical sales,Week 4,4,,,0
179,5,Suzie,Williams,,23.0,Ann Arbor,Michigan,USA,Prosthetic technician,Week 4,4,,,0
180,5,Trish,Schneider,,28.0,Atlanta,Georgia,USA,Model,Week 5,5,,,0
181,5,Mandy,Jeffreys,,26.0,Midland,Texas,USA,Designer for an architect firm,Week 6,6,,,0
182,5,Tara,Huckeby,,23.0,Shawnee,Oklahoma,USA,General contractor,Week 7,7,,,0
183,5,Jessica,Bowlin,,22.0,Huntington Beach,California,USA,Student,Winner,8,,,0
184,9,Andrea,Shirley,,28.0,Cincinnati,Ohio,USA,Hotel concierge,Week 1,1,,,0
185,9,April,Jacobs,,23.0,Chicago,Illinois,USA,Model,Week 1,1,,,0
186,9,Bowe,Newton,,28.0,Columbus,Ohio,USA,Beer chemist,Week 1,1,,,0
187,9,Carissa,Ilburg,,25.0,Cattaraugus,New York,USA,Attorney,Week 1,1,,,0
188,9,Claudia,Gismondi,,22.0,Boca Raton,Florida,USA,Restaurateur,Week 1,1,,,0
189,9,Cosetta,Blanca,,,,,Italy,Dancer,Week 1,1,,,0
190,9,Elyse,Hammer,,27.0,New York,New York,USA,Physician,Week 1,1,,,0
191,9,Heather,Sneed,,34.0,Aliquippa,Pennsylvania,USA,Registered nurse,Week 1,1,,,0
192,9,Jessica,Horner,,25.0,Charlotte,North Carolina,USA,Assistant buyer,Week 1,1,,,0
193,9,Laura,Morgan,,29.0,San Diego,California,USA,Dolphin trainer,Week 1,1,,,0
194,9,Meri,Barr,,27.0,Biloxi,Mississippi,USA,Attorney,Week 1,1,,,0
195,9,Renee,Snell,,30.0,Baltimore,Maryland,USA,Broadcast marketer,Week 1,1,,,0
196,9,Rita,Ghazal,,29.0,Richmond,Virginia,USA,Policy advisor,Week 1,1,,,0
197,9,Rosella,Fratto,,27.0,Chicago,Illinois,USA,Make-up artist,Week 1,1,,,0
198,9,Tara,Durr,,24.0,St. Augustine,Florida,USA,Realtor,Week 1,1,,,0
199,9,Ellen,DeMaio,,30.0,New Haven,Connecticut,USA,Realtor,Week 2,2,,,0
200,9,Kim,Jackson,,27.0,Newport Beach,California,USA,Interior designer,Week 2,2,,,0
201,9,Sarah,Schnare,,30.0,Nelson,British Columbia,Canada,Journalist,Week 2,2,,,0
202,9,Erica,Rose,,23.0,Houston,Texas,USA,Socialite,Week 3,3,,,0
203,9,Gina,Clark,,28.0,Chicago,Illinois,USA,Ultrasound technician,Week 3,3,,,0
204,9,Jami,Matzke,,27.0,Galveston,Texas,USA,Event planner,Week 3,3,,,0
205,9,Desiree,Valentin,,22.0,Salt Lake City,Utah,USA,Realtor,Week 4,4,,,0
206,9,Jeanette,Pawula,,23.0,Bloomingdale,Illinois,USA,Teacher,Week 4,4,,,0
207,9,Agnese,Polliza,,24.0,Venice,,Italy,Student,Week 5,5,,,0
208,1,Jackie,,,22.0,Pittsburgh,Pennsylvania,USA,Bar Manager,Week 1,1,,,0
209,9,Sadie,Murray,,23.0,Carlsbad,California,USA,Publicist,Week 7,7,,,0
210,9,Jennifer,Wilson,,24.0,Pembroke Pines,Florida,USA,Teacher,Winner,8,,,0
211,10,Blakeney,Rowe,,29.0,Birmingham,Alabama,USA,Radio sales,Week 1,1,,,0
212,10,Candice,DeCost,,23.0,Hilton Head Island,South Carolina,USA,Waitress,Week 1,1,,,0
213,10,Catherine,Warren,,23.0,Lake Forest,Illinois,USA,Former Miss Illinois,Week 1,1,,,0
214,10,Danielle,Vallis,,26.0,Bronx,New York,USA,Attorney,Week 1,1,,,0
215,10,Jackie,Topelli,,23.0,Minneapolis,Minnesota,USA,Executive coordinator,Week 1,1,,,0
216,11,Sarah,Newlon,,23.0,O'Fallon,Illinois,USA,Bar manager,Week 3,3,,,0
217,10,Jessica,Devallo,,32.0,New York,New York,USA,Hedge fund analyst,Week 1,1,,,0
218,10,Linda,Malek,,33.0,Cuyahoga Falls,Ohio,USA,Attorney,Week 1,1,,,0
219,10,Lindsay,Smith,,22.0,Lawrence,Kansas,USA,Student,Week 1,1,,,0
220,10,Tiffany,Forester,,27.0,St. Louis Park,Minnesota,USA,Real estate sales/development,Week 1,1,,,0
221,10,Alexis,Young,,26.0,Southlake,Texas,USA,Attorney,Week 2,2,,,0
222,10,Susan,Anderson,,23.0,The Woodlands,Texas,USA,Boutique manager,Week 2,2,,,0
223,13,Emily,Hillis,,23.0,Seattle,Washington,USA,Casino Marketing representative,Week 1,1,16.0,,0
224,10,Amanda,Hackney,,26.0,Dallas,Texas,USA,Financial analyst,Week 3,3,,,0
225,10,Erin,Parker,,24.0,Logansport,Louisiana,USA,Financial analyst,Week 3,3,,,0
226,10,Peyton,Wright,,24.0,La Vergne,Tennessee,USA,Sorority recruiter,Week 3,3,,,0
227,10,Kate,Brockhouse,,24.0,Ravenel,South Carolina,USA,Boutique owner,Week 4,4,,,0
228,16,Lindzi,Cox,,27.0,Newcastle,Washington,USA,Business development manager,Runner-up,10,2.0,,0
229,10,Stephanie,Tipper,,27.0,Folly Beach,South Carolina,USA,Organ donor coordinator,Week 4,4,,,0
230,14,Jessie,Sulidis,,25.0,Oakville,Ontario,Canada,Cosmetic Sales Manager,Week 4,4,6.0,,0
231,10,Tina,Wu,,26.0,Los Angeles,California,USA,Medical student,Week 5,5,,,0
232,10,Amber,Alchalabi,,23.0,Sugar Land,Texas,USA,Teacher,Week 6,6,,,0
233,10,Danielle,Imwalle,,25.0,Bethel,Connecticut,USA,Graphic Designer,Week 7,7,,,0
234,10,Bevin,Powers,,28.0,Palo Alto,California,USA,Assistant,Week 8,8,,,0
235,10,Tessa,Horst,,26.0,San Francisco,California,USA,Social Worker,Winner,9,,,0
236,11,Jessica,Kiss,,27.0,Lady Lake,Florida,USA,News anchor,Week 1,1,,,0
237,11,Juli,Gilliam,,24.0,Chicago,Illinois,USA,Law student,Week 1,1,,,0
238,11,Kim,Orville,,31.0,Woodbridge,Connecticut,USA,Realtor,Week 1,1,,,0
239,11,Lori,Langley,,33.0,Annapolis,Maryland,USA,Timothy's Biology teacher,Week 1,1,,,0
240,11,Melissa,Buschel,,28.0,Westchester,New York,USA,Event planner,Week 1,1,,,0
241,11,Morgan,Becker,,24.0,Tempe,Arizona,USA,Graduate student,Week 1,1,,,0
242,11,Natalie,Velasco,,25.0,Duncanville,Texas,USA,Law student,Week 1,1,,,0
243,12,Carri,Perrier,,25.0,Oklahoma City,Oklahoma,USA,Church marketing representative,Week 2,2,13.0,,0
244,11,Susan,Stein,,35.0,St. Charles,Illinois,USA,Project analyst,Week 1,1,,,0
245,11,Tauni,Nessler,,31.0,St. Louis Park,Minnesota,USA,Emergency room nurse,Week 1,1,,,0
246,11,Erin,Gardner,,25.0,Tampa,Florida,USA,Publishing sales executive,Week 2,2,,,0
247,11,Mallory,Simons,,24.0,Honolulu,Hawaii,USA,Nanny,Week 2,2,,,0
248,11,Michele,Leavy,,30.0,South Brunswick,New Jersey,USA,Realtor,Week 2,2,,,0
249,11,Lindsey,Hawkins,,25.0,Livonia,Michigan,USA,Model,Week 3,3,,,0
250,11,Solisa,Shoop,,25.0,Georgetown,Texas,USA,Esthetician,Week 3,3,,,0
251,11,Jade,Beazley,,24.0,Nashville,Tennessee,USA,Boutique sales worker,Week 4,4,,,0
252,5,Rachel,Clementi,,26.0,Buffalo,New York,USA,Fashion public relations manager,Week 1,1,,,0
253,11,Stephy,Kootz,,26.0,Atlanta,Georgia,USA,Executive assistant,Week 4,4,,,0
254,11,Hillary,Reisinger,,27.0,Philadelphia,Pennsylvania,USA,Registered nurse,Week 5,5,,,0
255,11,Kristy,Katzmann,,29.0,Gurnee,Illinois,USA,Acupuncturist,Week 5,5,,,0
256,11,Sheena,Stewart,,23.0,Walnut Creek,California,USA,Internet marketing executive,Week 6,6,,,0
257,11,Bettina,Bell,,27.0,Washington,D.C.,USA,Realtor,Week 7,7,,,0
258,11,Deanna,Pappas,,25.0,Newnan,Georgia,USA,Realtor,Week 8,8,,,1
259,11,Jenni,Croft,,27.0,Wichita,Kansas,USA,Phoenix Suns Cheerleader,Week 8,8,,,0
260,14,Lex,McAllister,,25.0,Galloway,Ohio,USA,Entrepreneur,Week 1,1,16.0,,0
261,12,Alyssa,Gill,,24.0,Boise,Idaho,USA,Biology student,Week 1,1,16.0,,0
262,12,Amanda,Petterman,,26.0,LaFollette,Tennessee,USA,Law student,Week 1,1,16.0,,0
263,12,Denise,Hawthorne,,30.0,Washington,D.C,USA,Attorney and former White House aide,Week 1,1,16.0,,0
264,12,Devon,Antin,,24.0,Austin,Texas,USA,Makeup artist,Week 1,1,16.0,,0
265,12,Lesley,Geyer,,23.0,Tampa,Florida,USA,Youth minister,Week 1,1,16.0,,0
266,12,Michele,Romero,,33.0,Laguna Niguel,California,USA,Interior designer,Week 1,1,16.0,,0
267,12,Rebecca,LeBlanc,,30.0,Alamo,California,USA,Attorney,Week 1,1,16.0,,0
268,12,Stacey,Elza,,26.0,Chicago,Illinois,USA,Graduate student,Week 1,1,16.0,,0
269,12,Tamara,Sketz,,23.0,Beverly Hills,California,USA,Cocktail waitress,Week 1,1,16.0,,0
270,17,Keriann,Miranda,,29.0,Agoura Hills,California,USA,Entrepreneur,Week 1,1,20.0,,0
271,16,Rachel,Truehart,,27.0,Southampton,Massachusetts,USA,Fashion sales representative,Week 7,7,5.0,,0
272,12,Erin,Harper,,25.0,Seattle,Washington,USA,Event planner,Week 2,2,13.0,,0
273,12,Michelle,Powell,,28.0,Syracuse,New York,USA,Administrative assistant,Week 2,2,13.0,,0
274,12,Amy,Rowe,,22.0,Stockton,California,USA,Nanny,Week 3,3,10.0,,0
275,12,Erin,Storm,,33.0,Venice,California,USA,Hot-dog vendor,Week 3,3,10.0,,0
276,12,Kristine,Heffelfinger,,33.0,Dillsburg,Pennsylvania,USA,Personal trainer,Week 3,3,10.0,,0
277,12,Ashlee,Williss,,22.0,Jacksonville Beach,Florida,USA,Singer-songwriter,Week 4,4,7.0,,0
278,1,Paula,,,24.0,Swansea,Massachusetts,USA,Insurance Representative,Week 1,1,,,0
279,12,Holly,Durst,,24.0,Suffield,Ohio,USA,Children's book author,Week 4,4,9.0,,0
280,12,Marshana,Ritchie,,27.0,Brooklyn,New York,USA,Fashion designer,Week 5,5,5.0,,0
281,12,Robin,Canfield,,22.0,Holland,Michigan,USA,Advertising coordinator,Week 5,5,5.0,,0
282,12,Noelle,Drake,,26.0,Loveland,Colorado,USA,Photographer,Week 6,6,4.0,,0
283,12,Amanda,Rantuccio,,27.0,Niceville,Florida,USA,Account Executive,Week 7,7,3.0,,0
284,12,Shayne,Lamas,,22.0,Malibu,California,USA,Actress,Winner,8,1.0,,0
285,13,Molly,Malaney,,24.0,Brookfield,Wisconsin,USA,Department Store Buyer,Runner-up,8,2.0,,0
286,13,Ann,Lueders,,24.0,Phoenix,Arizona,USA,Flight Attendant,Week 1,1,16.0,,0
287,16,Lyndsie,James,,29.0,London,,England,Internet entrepreneur,Week 1,1,19.0,,0
288,13,Jackie,Hickey,,26.0,Springfield,Massachusetts,USA,Wedding Coordinator,Week 1,1,16.0,,0
289,13,Julie,Dermotta,,26.0,Columbus,Ohio,USA,Teacher,Week 1,1,16.0,,0
290,13,Nicole,Mah,,25.0,Calgary,Alberta,Canada,Menswear Buyer,Week 1,1,16.0,,0
291,13,Renee,Simlak,,36.0,Southfield,Michigan,USA,Jewelry Designer,Week 1,1,16.0,,0
292,13,Shelby,Gillespie,,23.0,Stockton,California,USA,Account Executive,Week 1,1,16.0,,0
293,13,Stacia,Mann,,24.0,Orem,Utah,USA,Single Mother & Charity Accountant,Week 1,1,16.0,,0
294,13,Treasure,Morgan,,28.0,Salt Lake City,Utah,USA,Single Mother and Nurse Practitioner,Week 1,1,16.0,,0
295,13,Raquel,Medeiros,,27.0,Recife,Pernambuco,Brazil,Medical Student,Week 2,2,13.0,,0
296,13,Sharon,Staebell,,32.0,Batavia,New York,USA,Teacher,Week 2,2,13.0,,0
297,13,Lisa,Gonzalez,,28.0,Boise,Idaho,USA,Public Relations Associate,Week 2,2,15.0,quit,0
298,13,Erica,DeSimone,,25.0,Monroe,Connecticut,USA,Account Executive,Week 3,3,10.0,,0
299,13,Kari,Fajen,,27.0,Lee's Summit,Missouri,USA,Account Executive,Week 3,3,10.0,,0
300,13,Natalie,Getz,,27.0,Morton,Illinois,USA,Human Resources Recruiter,Week 3,3,12.0,,0
301,13,Lauren,Wanger,,27.0,Marlboro,New Jersey,USA,Teacher,Week 4,4,6.0,,0
302,13,Megan,Parris,,25.0,Sewickley,Pennsylvania,USA,Single Mother and Lacrosse Coach,Week 4,4,6.0,,0
303,13,Shannon,Bair,,29.0,Marshall,Missouri,USA,Dental Hygienist,Week 4,4,6.0,,0
304,13,Nikki,Kaapke,,29.0,Blue Island,Illinois,USA,Administrative Assistant,Week 4,4,9.0,,0
305,14,Vienna,Girardi,,23.0,Geneva,Florida,USA,Marketing Representative,Winner,8,1.0,,0
306,13,Naomi,Crespo,,24.0,Carlsbad,California,USA,Flight Attendant,Week 6,6,4.0,,0
307,13,Jillian,Harris,,29.0,Peace River,Alberta,Canada,Interior Designer,Week 7,7,3.0,,1
308,10,Tiffany,Warren,,28.0,Boston,Massachusetts,USA,Medical equipment sales rep,Week 2,2,,,0
309,14,Tenley,Molzahn,,25.0,Newberg,Oregon,USA,College Admissions,Runner-up,8,2.0,,0
310,14,Caitlyn,McCabe,,24.0,Winfield,Illinois,USA,Spokesmodel,Week 1,1,16.0,,0
311,14,Channy,Choch,,29.0,Santa Rosa,California,USA,Mortgage Loan Officer,Week 1,1,16.0,,0
312,14,Elizabeth,Kreft,,29.0,Union,Kentucky,USA,"Captain, Air National Guard",Week 1,1,16.0,,0
313,14,Emily,Harkins,,23.0,West Chester,Ohio,USA,Fitness Model,Week 1,1,16.0,,0
314,14,Kimberly,Sullivan,,24.0,Norman,Oklahoma,USA,NBA Dancer,Week 1,1,16.0,,0
315,14,Kirsten,Pittman,,25.0,Aurora,Colorado,USA,Waitress,Week 1,1,16.0,,0
316,12,Kelly,Duncan,,25.0,Hollywood,California,USA,Medical sales representative,Week 4,4,7.0,,0
317,14,Sheila,Lidner,,25.0,Scottsdale,Arizona,USA,Commercial Pilot,Week 1,1,16.0,,0
318,14,Stephanie,Mueller,,24.0,Morris,Illinois,USA,Dance Teacher,Week 1,1,16.0,,0
319,14,Tiana,Kruzel,,31.0,Calgary,Alberta,Canada,Medical Technician,Week 1,1,16.0,,0
320,14,Ashley,Elmore,,29.0,Pittsburgh,Pennsylvania,USA,Teacher,Week 2,2,13.0,,0
321,10,Jeanette,Alvarez,,27.0,Tampa,Florida,USA,Health care manager,Week 1,1,,,0
322,14,Rozlyn,Papa,,28.0,Richmond,Virginia,USA,Model/Make-Up Artist,Week 2,2,15.0,DQ,0
323,14,Elizabeth,Kitt,,29.0,Imperial,Nebraska,USA,Nanny,Week 3,3,10.0,,0
324,14,Valishia,Savage,,32.0,San Bernardino,California,USA,Homemaker,Week 3,3,10.0,,0
325,17,Taryn,Daniels,,30.0,Troutdale,Oregon,USA,Health Club Manager,Week 3,3,14.0,,0
326,5,Katie,Gehart,,22.0,Scottsdale,Arizona,USA,LASIK Eye and Skin Center manager,Week 3,3,,,0
327,9,Lisa,Blank,,25.0,Portland,Oregon,USA,Marketing manager,Week 6,6,,,0
328,14,Kathryn,Sherlock,,25.0,Lexington,Kentucky,USA,Corporate Flight Attendant,Week 4,4,8.0,,0
329,14,Ella,Nolan,,30.0,La Follette,Tennessee,USA,Hair Stylist,Week 4,4,9.0,,0
330,14,Corrie,Adamson,,23.0,Kissimmee,Florida,USA,Wardrobe Consultant,Week 5,5,5.0,,0
331,14,Gia,Allemand,,26.0,New York,New York,USA,Swimsuit Model,Week 7,7,3.0,,0
332,13,Dominique,Carta,,26.0,Mt. Carmel,Pennsylvania,USA,Medical Sales representative,Week 1,1,16.0,,0
333,15,Chantal,O'Brien,,28.0,Mercer Island,Washington,USA,Executive Assistant,Runner-up,10,2.0,,0
334,15,Britnee,,,25.0,Holland,Pennsylvania,USA,Paralegal,Week 1,1,21.0,,0
335,15,Cristy,Caserta,,30.0,Davie,Florida,USA,Attorney,Week 1,1,21.0,,0
336,15,Jill,Ruskowski,,28.0,Frisco,Texas,USA,Sales director,Week 1,1,21.0,,0
337,15,Lacey,Garbelman,,27.0,Tampa,Florida,USA,Insurance agent,Week 1,1,21.0,,0
338,15,Lauren,Moore,,26.0,Culpeper,Virginia,USA,High School Teacher,Week 1,1,21.0,,0
339,15,Lisa,Pastrich,,27.0,Dix Hills,New York,USA,Sales Consultant,Week 1,1,21.0,,0
340,15,Rebecca,,,30.0,Mission Viejo,California,USA,Esthetician,Week 1,1,21.0,,0
341,15,Renee,Halpin,,28.0,Palos Hills,Illinois,USA,Nanny,Week 1,1,21.0,,0
342,15,Sarah,Ledtke,,25.0,Saginaw,Michigan,USA,Musical Theatre Performer,Week 1,1,21.0,,0
343,15,Keltie,Colleen,,28.0,Sherwood Park,Alberta,Canada,Radio City Rockette,Week 2,2,18.0,,0
344,15,Melissa,Schreiber,,32.0,Westport,Connecticut,USA,Waitress,Week 2,2,18.0,,0
345,15,Raichel,Goodyear,,29.0,Fullerton,California,USA,Manscaper,Week 2,2,18.0,,0
346,15,Kimberly,Coon,,27.0,Orlando,Florida,USA,Marketing Coordinator,Week 3,3,15.0,,0
347,15,Sarah,Powell,,27.0,Denver,Colorado,USA,Real Estate Broker,Week 3,3,15.0,,0
348,15,Madison,Garton,,25.0,Vail,Colorado,USA,Model,Week 3,3,17.0,quit,0
349,15,Lindsay,Hill,,25.0,Plano,Texas,USA,First grade teacher,Week 4,4,12.0,,0
350,15,Meghan,Merritt,,30.0,Princeton,New Jersey,USA,Fashion Marketer,Week 4,4,12.0,,0
351,15,Stacey,Quirpel,,26.0,Quincy,Massachusetts,USA,Bartender,Week 4,4,12.0,,0
352,15,Lisa,Morrisey,,24.0,Ottawa,Kansas,USA,Marketing Coordinator,Week 5,5,9.0,,0
353,15,Marissa,May,,26.0,Mesa,Arizona,USA,Sports Publicist,Week 5,5,9.0,,0
354,15,Ashley,Spivey,,26.0,Ellerbe,North Carolina,USA,Nanny,Week 5,5,11.0,,0
355,15,Jackie,Gordon,,26.0,Newport,Rhode Island,USA,Artist,Week 6,6,7.0,,0
356,15,Alli,Travis,,24.0,Columbus,Ohio,USA,Apparel merchant,Week 6,6,8.0,,0
357,15,Michelle,Money,,30.0,Salt Lake City,Utah,USA,Hair stylist,Week 7,7,5.0,,0
358,15,Britt,Billmaier,,25.0,Woodinville,Washington,USA,Food writer,Week 7,7,6.0,,0
359,15,Shawntel,Newton,,25.0,Chico,California,USA,Funeral Director,Week 8,8,4.0,,0
360,15,Ashley,Hebert,,26.0,Madawaska,Maine,USA,Dental Student,Week 9,9,3.0,,1
361,15,Emily,Maynard,,25.0,Morgantown,West Virginia,USA,Children's Hospital Event Planner,Winner,10,1.0,,1
362,14,Michelle,Kujawa,,26.0,Anaheim,California,USA,Office Manager,Week 3,3,12.0,,0
363,16,Amber,Bacon,,23.0,Port Coquitlam,British Columbia,Canada,Labor and delivery nurse,Week 1,1,19.0,,0
364,16,Amber,Tierney,,28.0,Waverly,Nebraska,USA,Critical care nurse,Week 1,1,19.0,,0
365,16,Anna,Snowball,,25.0,Detroit,Michigan,USA,Student,Week 1,1,19.0,,0
366,16,Dianna,Martinez,,30.0,San Gabriel,California,USA,Nonprofit director,Week 1,1,19.0,,0
367,16,Brittney,Schreiner,,26.0,Colorado Springs,Colorado,USA,Medical sales representative,Week 3,3,16.0,quit,0
368,16,Shira,Astrof,,35.0,Massapequa Park,New York,USA,Actress,Week 1,1,19.0,,0
369,16,Jenna,Burke,,27.0,Loveland,Ohio,USA,Blogger,Week 2,2,17.0,,0
370,16,Shawn,Reynolds,,28.0,Cincinnati,Ohio,USA,Financial advisor,Week 2,2,17.0,,0
371,12,Chelsea,Wanstrath,,25.0,Durango,Colorado,USA,Pharmaceutical sales representative,Runner-up,8,2.0,,0
372,16,Erika,Uhlig,,23.0,Charlottesville,Virginia,USA,Law student,Week 3,3,14.0,,0
373,17,Robyn,Howard,,24.0,Topeka,Kansas,USA,Oil Field Account Manager,Week 5,5,10.0,,0
374,16,Monica,Spannbauer,,33.0,Yuba,California,USA,Dental consultant,Week 4,4,12.0,,0
375,15,J,Adams,,26.0,Seattle,Washington,USA,Operations Manager,Week 1,1,21.0,,0
376,16,Elyse,Myers,,24.0,Chicago,Illinois,USA,Personal trainer,Week 5,5,11.0,,0
377,16,Jennifer,Fritsch,,28.0,Cache,Oklahoma,USA,Accountant,Week 5,5,10.0,,0
378,16,Blakeley,Jones,,33.0,Rutherfordton,North Carolina,USA,VIP cocktail waitress,Week 6,6,9.0,,0
379,16,Casey,Shteamer,,26.0,Leawood,Kansas,USA,Trading clerk,Week 6,6,8.0,DQ,0
380,16,Jamie,Otis,,25.0,Dryden,New York,USA,Registered nurse,Week 6,6,7.0,,0
381,16,Emily,O'Brien,,27.0,Chapel Hill,North Carolina,USA,PhD Student,Week 7,7,5.0,,0
382,16,Holly,Johnson,,34.0,Salyersville,Kentucky,USA,Pharmaceutical sales representative,Week 1,1,19.0,,0
383,16,Kacie,Boguskie,,24.0,Clarksville,Tennessee,USA,Administrative assistant,Week 8,8,4.0,,0
384,16,Nicki,Sterling,,26.0,Hurst,Texas,USA,Dental hygienist,Week 9,9,3.0,,0
385,16,Courtney,Robertson,,28.0,Scottsdale,Arizona,USA,Model,Winner,10,1.0,,0
386,17,Lindsay,Yenter,,24.0,Fort Bragg,North Carolina,USA,Substitute Teacher,Runner-up,10,2.0,,0
387,17,Ashley,Palenkas,,28.0,Macomb,Michigan,USA,Hair Stylist,Week 1,1,20.0,,0
388,17,Ashley,Harper,,25.0,Garner,North Carolina,USA,Fashion Model,Week 1,1,20.0,,0
389,17,Kelly,Dutton,,28.0,Chattanooga,Tennessee,USA,Cruise Ship Entertainer,Week 1,1,20.0,,0
390,1,Katie,,,23.0,Malden,Massachusetts,USA,Power Tool Sales representative,Week 2,2,,,0
391,17,Lacey,Latka,,24.0,Stevenson Ranch,California,USA,Graduate Student,Week 1,1,20.0,,0
392,17,Lauren,Marchetti,,27.0,Cranston,Rhode Island,USA,Journalist,Week 1,1,20.0,,0
393,17,Paige,Vigil,,25.0,Minnetonka,Minnesota,USA,Jumbotron Operator,Week 1,1,20.0,,0
394,17,Brooke,Burchette,,25.0,Pittsburgh,Pennsylvania,USA,Community Organizer,Week 2,2,17.0,,0
395,17,Diana,Weeks Willardson,,31.0,Sandy,Utah,USA,Salon Owner,Week 2,2,17.0,,0
396,17,Katie,Levans,,27.0,Woodstock,Illinois,USA,Yoga Instructor,Week 2,2,19.0,quit,0
397,17,Kacie,Boguskie,,25.0,Clarksville,Tennessee,USA,Administrative Assistant,Week 3,3,16.0,,0
398,17,Kristy,Kaminski,,25.0,Darien,Wisconsin,USA,Model,Week 3,3,14.0,,0
399,17,Amanda,Meyer,,26.0,Bakersfield,California,USA,Fit Model,Week 4,4,12.0,,0
400,17,Leslie,Hughes,,28.0,Ruskin,Florida,USA,Poker Dealer,Week 4,4,13.0,,0
401,17,Jackie,Parr,,25.0,Ormond Beach,Florida,USA,Cosmetics Consultant,Week 5,5,11.0,,0
402,10,Stephanie,Wilhite,,23.0,Overland Park,Kansas,USA,Project Manager,Week 5,5,,,0
403,17,Daniella,McBride,,24.0,Belmont,California,USA,Commercial Casting Associate,Week 6,6,7.0,,0
404,17,Sarah,Herron,,26.0,Evergreen,Colorado,USA,Advertising Executive,Week 6,6,9.0,,0
405,17,Selma,Alameri,,29.0,Borrego Springs,California,USA,Real Estate Dealer,Week 6,6,7.0,,0
406,17,Lesley,Murphy,,24.0,Fort Smith,Arkansas,USA,Political Consultant,Week 7,7,5.0,,0
407,17,Tierra,LiCausi,,24.0,Las Vegas,Nevada,USA,Leasing Consultant,Week 7,7,6.0,,0
408,17,Desiree,Hartsock,,26.0,Northglenn,Colorado,USA,Bridal Stylist,Week 8,8,4.0,,1
409,17,AshLee,Frazier,,32.0,Houston,Texas,USA,Personal Organizer,Week 9,9,3.0,,0
410,17,Catherine,Giudici,,26.0,Seattle,Washington,USA,Graphic Designer,Winner,10,1.0,,0
411,12,Tiffany,Thornburg,,33.0,San Francisco,California,USA,Real estate marketing representative,Week 1,1,16.0,,0
412,14,Christina,McCasland,,25.0,San Diego,California,USA,Restaurant Manager,Week 2,2,13.0,,0
413,1,Jill,,,31.0,Chicago,Illinois,USA,Retail Manager,Week 1,1,,,0
414,13,Melissa,Rycroft,,25.0,Dallas,Texas,USA,Sales Representative,Winner,8,1.0,,0
415,19,Amanda,Goerlitz,,24.0,Lake in the Hills,Illinois,USA,Ballet Teacher,Week 1,1,24.0,,0
416,20,Maegan,Miller,,30.0,Visalia,California,USA,Cowgirl,Week 1,1,22.0,,0
417,20,Jackie,Dion,,23.0,Newport Beach,California,USA,Gerontologist,Week 2,2,18.0,,0
418,13,Stephanie,Hogan,,34.0,Huntsville,Alabama,USA,Single Mother & Medical Marketing representative,Week 5,5,5.0,,0
419,2,Hayley,,,28.0,Lake Oswego,Oregon,USA,Retail Manager,Week 4,4,,,0
420,5,Francine,Jones,,25.0,Houston,Texas,USA,Retail manager,Week 1,1,,,0
421,5,Jenny,Matthews,,24.0,Canton,Michigan,USA,Retail manager,Week 2,2,,,0
422,10,Nicole,Clary,,26.0,Charleston,South Carolina,USA,Sales Manager,Week 4,4,,,0
